data_source,resource,data_element_path,data_element_node,codeSystem,src_cd,src_cd_description,target_concept_id,target_concept_name,target_domain_id,target_vocabulary_id,target_concept_class_id,target_standard_concept,target_concept_code,target_tbl_column_name,notes
ccda-xml,,,administrativeGenderCode,2.16.840.1.113883.1.11.1,M,Male,,,,,,,,,
ccda-xml,Personal Relationship Role Type Value Set,,code,2.16.840.1.113883.1.11.19563,SPS,SPOUSE,,,,,,,,,
ccda-xml,Personal Relationship Role Type Value Set,,code,2.16.840.1.113883.1.11.19563,GPARNT,Grand Parent,,,,,,,,,
ccda-xml,ResponsibleParty,,code,2.16.840.1.113883.1.11.19830,POWATT,Power of Attorney,,,,,,,,,
ccda-xml,Observation Interpretation,,interpretationCode,2.16.840.1.113883.1.11.78,S,Susceptible,,,,,,,,,
ccda-xml,HL7 Discharge Disposition,,dischargeDispositionCode,2.16.840.1.113883.12.112,04,Discharged/transferred to an intermediate-care facility (ICF),,,,,,,,,
ccda-xml,,,code,2.16.840.1.113883.12.292,106,"diphtheria, tetanus toxoids and acellular pertussis vaccine, 5 pertussis antigens",,,,,,,,,
ccda-xml,,,code,2.16.840.1.113883.12.292,88,"influenza virus vaccine, unspecified formulation",,,,,,,,,
ccda-xml,,,code,2.16.840.1.113883.12.292,166,"influenza, intradermal, quadrivalent, preservative free, injectable",,,,,,,,,
ccda-xml,CVX,,code,2.16.840.1.113883.12.292,88,Influenza virus vaccine,,,,,,,,,
ccda-xml,Vaccines administered (CVX),,code,2.16.840.1.113883.12.292,140,"Influenza, seasonal, injectable, preservative free",,,,,,,,,
ccda-xml,Provider Role,,functionCode,2.16.840.1.113883.12.443,PP,Primary Care Provider,,,,,,,,,
ccda-xml,Community Medical Center Local Discharge Codes,,translation,2.16.840.1.113883.19.5,HOSSVR,SUNNYVIEW REHAB HOSPITAL,,,,,,,,,
ccda-xml,Source of Payment Typology (PHDSC),,code,2.16.840.1.113883.3.221.5,111,Medicare HMO,,,,,,,,,
ccda-xml,NCI Thesaurus,,routeCode,2.16.840.1.113883.3.26.1.1,C38299,SUBCUTANEOUS,,,,,,,,,
ccda-xml,NCI Thesaurus,,routeCode,2.16.840.1.113883.3.26.1.1,C38216,RESPIRATORY (INHALATION),,,,,,,,,
ccda-xml,NCI Thesaurus,,administrationUnitCode,2.16.840.1.113883.3.26.1.1,C42944,INHALANT,,,,,,,,,
ccda-xml,National Cancer Institute (NCI) Thesaurus,,routeCode,2.16.840.1.113883.3.26.1.1,C28161,Intramuscular injection,,,,,,,,,
ccda-xml,NCI Thesaurus,,routeCode,2.16.840.1.113883.3.26.1.1,C38288,oral,,,,,,,,,
ccda-xml,NCI Thesaurus,,routeCode,2.16.840.1.113883.3.26.1.1,C38288,ORAL,,,,,,,,,
ccda-xml,NCI Thesaurus,,administrationUnitCode,2.16.840.1.113883.3.26.1.1,C42927,"TABLET, EXTENDED RELEASE",,,,,,,,,
ccda-xml,NCI Thesaurus,,administrationUnitCode,2.16.840.1.113883.3.26.1.1,C42998,tablet,,,,,,,,,
ccda-xml,,,routeCode,2.16.840.1.113883.3.26.1.1,C38288,Oral,,,,,,,,,
ccda-xml,NCI Thesaurus,,administrationUnitCode,2.16.840.1.113883.3.26.1.1,C42945,"INJECTION, SOLUTION",,,,,,,,,
ccda-xml,NDF-RT,,code,2.16.840.1.113883.3.26.1.5,N0000011298,Penicillin V,,,,,,,,,
ccda-xml,KDMC,,translation,2.16.840.1.113883.3.7732.100.3.14,94500-6,SARS CORONAVIRUS 2 RNA:PRTHR:PT:RESPIRATORY:ORD:PROBE.AMP.TAR,,,,,,,,,
ccda-xml,KDMC,,code,2.16.840.1.113883.3.7732.100.3.14,"COVID-19,_PCR_Kaweah_Lab-_DO_NOT_USE_!!!","COVID-19, PCR Kaweah Lab",,,,,,,,,
ccda-xml,ISC-NoCodeSystem,,translation,2.16.840.1.113883.3.86.3.1,Orally,Orally,,,,,,,,,
ccda-xml,ISC-NoCodeSystem,,translation,2.16.840.1.113883.3.86.3.1,NO_KNOWN_DRUG_A,NKDA,,,,,,,,,
ccda-xml,ISC-NoCodeSystem,,translation,2.16.840.1.113883.3.86.3.1,A,Active,,,,,,,,,
ccda-xml,ISC-NoCodeSystem,,translation,2.16.840.1.113883.3.86.3.1,E,E,,,,,,,,,
ccda-xml,ISC-NoCodeSystem,,translation,2.16.840.1.113883.3.86.3.1,1,1,,,,,,,,,
ccda-xml,ISC-NoCodeSystem,,translation,2.16.840.1.113883.3.86.3.1,O,O,,,,,,,,,
ccda-xml,ISC-NoCodeSystem,,translation,2.16.840.1.113883.3.86.3.1,CP,Professional Claim,,,,,,,,,
ccda-xml,ISC-NoCodeSystem,,translation,2.16.840.1.113883.3.86.3.1,IV,INTRAVENOUS,,,,,,,,,
ccda-xml,ISC-NoCodeSystem,,translation,2.16.840.1.113883.3.86.3.1,R52,R52,,,,,,,,,
ccda-xml,ISC-NoCodeSystem,,translation,2.16.840.1.113883.3.86.3.1,CI,Institutional Claim,,,,,,,,,
ccda-xml,Body Site Value Set,,targetSiteCode,2.16.840.1.113883.3.88.12.3221.8.9,appropriate_code,colon,,,,,,,,,
ccda-xml,UNII,,code,2.16.840.1.113883.4.9,291P45F896,Eggs,,,,,,,,,
ccda-xml,UNII,,code,2.16.840.1.113883.4.9,3729L8MA2C,Bee Pollen,,,,,,,,,
ccda-xml,Administrative Gender,,administrativeGenderCode,2.16.840.1.113883.5.1,F,F,,,,,,,,,
ccda-xml,AdministrativeGenderCode,,translation,2.16.840.1.113883.5.1,F,F,,,,,,,,,
ccda-xml,AdministrativeGender,,administrativeGenderCode,2.16.840.1.113883.5.1,F,Female,,,,,,,,,
ccda-xml,AdministrativeGender,,administrativeGenderCode,2.16.840.1.113883.5.1,M,Male,,,,,,,,,
ccda-xml,AdministrativeGender,,value,2.16.840.1.113883.5.1,M,Male,,,,,,,,,
ccda-xml,,,administrativeGenderCode,2.16.840.1.113883.5.1,F,Female,,,,,,,,,
ccda-xml,HL7ObservationValue,,value,2.16.840.1.113883.5.1063,CRITH,High Criticality,,,,,,,,,
ccda-xml,HL7 Religious Affiliation ,,religiousAffiliationCode,2.16.840.1.113883.5.1076,1013,"Christian (non-Catholic, non-specific)",,,,,,,,,
ccda-xml,HL7 Religious Affiliation,,religiousAffiliationCode,2.16.840.1.113883.5.1076,1013,"Christian (non-Catholic, non-specific)",,,,,,,,,
ccda-xml,ReligiousAffiliation,,religiousAffiliationCode,2.16.840.1.113883.5.1076,1041,Roman Catholic,,,,,,,,,
ccda-xml,ReligiousAffiliation,,religiousAffiliationCode,2.16.840.1.113883.5.1076,1059,Zen Buddhism,,,,,,,,,
ccda-xml,HL7 RoleCode,,code,2.16.840.1.113883.5.110,GUAR,,,,,,,,,,
ccda-xml,RoleClass,,code,2.16.840.1.113883.5.110,PAYOR,Payor,,,,,,,,,
ccda-xml,HL7 RoleCode,,code,2.16.840.1.113883.5.110,PAYOR,,,,,,,,,,
ccda-xml,RoleCode,,code,2.16.840.1.113883.5.111,MTH,Mother,,,,,,,,,
ccda-xml,RoleCode,,code,2.16.840.1.113883.5.111,OTH,DAUGHTER IN LAW,,,,,,,,,
ccda-xml,RoleCode,,code,2.16.840.1.113883.5.111,SEL,Self,,,,,,,,,
ccda-xml,HL7 Role code,,code,2.16.840.1.113883.5.111,GPARNT,Grandfather,,,,,,,,,
ccda-xml,RoleCode,,code,2.16.840.1.113883.5.111,UNK,Unknown,,,,,,,,,
ccda-xml,FamilyRelationshipRoleType,,code,2.16.840.1.113883.5.111,FTH,Father,,,,,,,,,
ccda-xml,RoleCode,,code,2.16.840.1.113883.5.111,FTH,03 FATHER,,,,,,,,,
ccda-xml,,,code,2.16.840.1.113883.5.111,MTH,,,,,,,,,,
ccda-xml,HL7 Role code,,code,2.16.840.1.113883.5.111,FRND,friend,,,,,,,,,
ccda-xml,RoleCode,,code,2.16.840.1.113883.5.111,OTH,Patient is Insured,,,,,,,,,
ccda-xml,RoleCode,,code,2.16.840.1.113883.5.111,EMC,EMERGENCY CONTACT,,,,,,,,,
ccda-xml,RoleCode,,code,2.16.840.1.113883.5.111,OTH,FAMILY MEMBER,,,,,,,,,
ccda-xml,,,code,2.16.840.1.113883.5.111,SELF,Self,,,,,,,,,
ccda-xml,SpecimenType,,code,2.16.840.1.113883.5.129,NP_Swab,NP Swab,,,,,,,,,
ccda-xml,ActStatus,,value,2.16.840.1.113883.5.14,final,final,,,,,,,,,
ccda-xml,MaritalStatus,,maritalStatusCode,2.16.840.1.113883.5.2,M,Married,,,,,,,,,
ccda-xml,MaritalStatusCode,,maritalStatusCode,2.16.840.1.113883.5.2,M,Married,,,,,,,,,
ccda-xml,Confidentiality Code,,confidentialityCode,2.16.840.1.113883.5.25,N,Normal,,,,,,,,,
ccda-xml,Confidentiality,,confidentialityCode,2.16.840.1.113883.5.25,N,normal,,,,,,,,,
ccda-xml,HL7 ConfidentialityCode,,confidentialityCode,2.16.840.1.113883.5.25,N,,,,,,,,,,
ccda-xml,,,confidentialityCode,2.16.840.1.113883.5.25,N,Normal,,,,,,,,,
ccda-xml,,,confidentialityCode,2.16.840.1.113883.5.25,N,,,,,,,,,,
ccda-xml,ActCode,,code,2.16.840.1.113883.5.4,IMMUNIZ,,,,,,,,,,
ccda-xml,ActCode,,code,2.16.840.1.113883.5.4,SEV,Severity observation,,,,,,,,,
ccda-xml,ActCode,,code,2.16.840.1.113883.5.4,ASSERTION,,,,,,,,,,
ccda-xml,HL7ActCode,,code,2.16.840.1.113883.5.4,SEV,Severity Observation,,,,,,,,,
ccda-xml,ActCode,,code,2.16.840.1.113883.5.4,SEV,Severity Observation,,,,,,,,,
ccda-xml,,,code,2.16.840.1.113883.5.4,ASSERTION,,,,,,,,,,
ccda-xml,ActCode,,code,2.16.840.1.113883.5.4,SEV,,,,,,,,,,
ccda-xml,ActClass,,code,2.16.840.1.113883.5.6,CONC,Concern,,,,,,,,,
ccda-xml,HL7ActClass,,code,2.16.840.1.113883.5.6,CONC,Concern,,,,,,,,,
ccda-xml,,,code,2.16.840.1.113883.5.6,CONC,Concern,,,,,,,,,
ccda-xml,,,code,2.16.840.1.113883.5.6,CONC,,,,,,,,,,
ccda-xml,LanguageAbilityMode,,modeCode,2.16.840.1.113883.5.60,ESP,Expressed spoken,,,,,,,,,
ccda-xml,LanguageAbilityProficiency,,proficiencyLevelCode,2.16.840.1.113883.5.61,G,Good,,,,,,,,,
ccda-xml,LanguageAbilityProficiency,,proficiencyLevelCode,2.16.840.1.113883.5.61,E,Excellent,,,,,,,,,
ccda-xml,ActPriority,,priorityCode,2.16.840.1.113883.5.7,CR,Callback results,,,,,,,,,
ccda-xml,HL7 ActNoImmunizationReason,,code,2.16.840.1.113883.5.8,PATOBJ,Patient Objection,,,,,,,,,
ccda-xml,ObservationInterpretation,,interpretationCode,2.16.840.1.113883.5.83,HH,high alert,,,,,,,,,
ccda-xml,ObservationInterpretation,,interpretationCode,2.16.840.1.113883.5.83,N,Normal,,,,,,,,,
ccda-xml,ObservationInterpretation,,interpretationCode,2.16.840.1.113883.5.83,L,Low,,,,,,,,,
ccda-xml,,,interpretationCode,2.16.840.1.113883.5.83,L,,,,,,,,,,
ccda-xml,ObservationInterpretation,,interpretationCode,2.16.840.1.113883.5.83,H,High,,,,,,,,,
ccda-xml,ObservationInterpretation,,interpretationCode,2.16.840.1.113883.5.83,A,abnormal,,,,,,,,,
ccda-xml,,,interpretationCode,2.16.840.1.113883.5.83,N,,,,,,,,,,
ccda-xml,ObservationInterpretation,,interpretationCode,2.16.840.1.113883.5.83,N,normal,,,,,,,,,
ccda-xml,,,interpretationCode,2.16.840.1.113883.5.83,LX,,,,,,,,,,
ccda-xml,orderableDrugForm,,administrationUnitCode,2.16.840.1.113883.5.85,PUFF,Puff,,,,,,,,,
ccda-xml,ParticipationFunction,,functionCode,2.16.840.1.113883.5.88,PCP,Primary Care Provider,,,,,,,,,
ccda-xml,ParticipationFunction,,functionCode,2.16.840.1.113883.5.88,PCP,Primary Care Physician,,,,,,,,,
ccda-xml,ParticipationFunction,,functionCode,2.16.840.1.113883.5.88,ATTPHYS,Attending Clinician,,,,,,,,,
ccda-xml,ParticipationFunction,,functionCode,2.16.840.1.113883.5.88,ADMPHYS,Admitting Clinician,,,,,,,,,
ccda-xml,ParticipationFunction,,functionCode,2.16.840.1.113883.5.88,ATTPHYS,attending physician,,,,,,,,,
ccda-xml,participationFunction,,functionCode,2.16.840.1.113883.5.88,PCP,Primary Care Physician,,,,,,,,,
ccda-xml,,,functionCode,2.16.840.1.113883.5.88,PCP,Primary Care Physician,,,,,,,,,
ccda-xml,LOINC,,code,2.16.840.1.113883.6.1,30954-2,Relevant diagnostic tests/laboratory data Narrative,,,,,,,,,
ccda-xml,,,code,2.16.840.1.113883.6.1,47420-5,,,,,,,,,,
ccda-xml,LOINC,,code,2.16.840.1.113883.6.1,72166-2,Tobacco smoking status NHIS,,,,,,,,,
ccda-xml,LOINC,,code,2.16.840.1.113883.6.1,11323-3,Health status,,,,,,,,,
ccda-xml,LOINC,,code,2.16.840.1.113883.6.1,42349-1,REASON FOR REFERRAL,,,,,,,,,
ccda-xml,LOINC,,code,2.16.840.1.113883.6.1,10183-2,Discharge medication,,,,,,,,,
ccda-xml,LOINC,,code,2.16.840.1.113883.6.1,10183-2, HOSPITAL DISCHARGE MEDICATIONS ,,,,,,,,,
ccda-xml,LOINC,,code,2.16.840.1.113883.6.1,82607-3,Clinical data [Date and Time Range],,,,,,,,,
ccda-xml,LOINC,,code,2.16.840.1.113883.6.1,30313-1,HGB,,,,,,,,,
ccda-xml,,,code,2.16.840.1.113883.6.1,624-7,Sputum Culture,,,,,,,,,
ccda-xml,LOINC,,code,2.16.840.1.113883.6.1,29308-4,ENCOUNTER DIAGNOSIS,,,,,,,,,
ccda-xml,LOINC,,code,2.16.840.1.113883.6.1,3094-0,"Urea nitrogen, Serum",,,,,,,,,
ccda-xml,LOINC,,code,2.16.840.1.113883.6.1,46008-9 ,Bathing,,,,,,,,,
ccda-xml,LOINC,,code,2.16.840.1.113883.6.1,29762-2,Social history,,,,,,,,,
ccda-xml,LOINC,,code,2.16.840.1.113883.6.1,33765-9,WBC,,,,,,,,,
ccda-xml,LOINC,,code,2.16.840.1.113883.6.1,48767-8,Annotation Comment,,,,,,,,,
ccda-xml,,,code,2.16.840.1.113883.6.1,29762-2,Social History,,,,,,,,,
ccda-xml,LOINC,,code,2.16.840.1.113883.6.1,46264-8,,,,,,,,,,
ccda-xml,LOINC,,code,2.16.840.1.113883.6.1,75310-3,Health concern Doc,,,,,,,,,
ccda-xml,LOINC,,code,2.16.840.1.113883.6.1,8480-6,Intravascular Systolic,,,,,,,,,
ccda-xml,LOINC,,code,2.16.840.1.113883.6.1,3141-9,Patient Body Weight - Measured,,,,,,,,,
ccda-xml,,,code,2.16.840.1.113883.6.1,82606-5,Criticality,,,,,,,,,
ccda-xml,LOINC,,code,2.16.840.1.113883.6.1,8716-3,VITAL SIGNS,,,,,,,,,
ccda-xml,,,code,2.16.840.1.113883.6.1,33999-4,Status,,,,,,,,,
ccda-xml,LOINC,,code,2.16.840.1.113883.6.1,10160-0,Hx of Medication use,,,,,,,,,
ccda-xml,LOINC,,code,2.16.840.1.113883.6.1,74013-4,Alcoholic drinks per day,,,,,,,,,
ccda-xml,,,code,2.16.840.1.113883.6.1,76662-6,Instructions [Text] Medication Narrative,,,,,,,,,
ccda-xml,LOINC,,code,2.16.840.1.113883.6.1,11367-0,History of tobacco use,,,,,,,,,
ccda-xml,LOINC,,code,2.16.840.1.113883.6.1,76689-9,Sex Assigned At Birth,,,,,,,,,
ccda-xml,LOINC,,code,2.16.840.1.113883.6.1,76690-7,Sexual orientation,,,,,,,,,
ccda-xml,LOINC,,code,2.16.840.1.113883.6.1,8653-8,HOSPITAL DISCHARGE INSTRUCTIONS,,,,,,,,,
ccda-xml,LOINC,,translation,2.16.840.1.113883.6.1,74728-7,"Vital signs, weight, height, head circumference, oximetry, BMI, and BSA panel - HL7.CCDAr1.1",,,,,,,,,
ccda-xml,LOINC,,code,2.16.840.1.113883.6.1,26515-7,PLT,,,,,,,,,
ccda-xml,LOINC,,code,2.16.840.1.113883.6.1,789-8,Erythrocytes,,,,,,,,,
ccda-xml,LOINC,,translation,2.16.840.1.113883.6.1,29308-4,Diagnosis,,,,,,,,,
ccda-xml,LOINC,,code,2.16.840.1.113883.6.1,777-3,Platelets,,,,,,,,,
ccda-xml,LOINC,,code,2.16.840.1.113883.6.1,46240-8,History of Hospitalizations+Outpatient visits Narrative,,,,,,,,,
ccda-xml,LOINC,,code,2.16.840.1.113883.6.1,11450-4,PROBLEM LIST,,,,,,,,,
ccda-xml,LOINC,,code,2.16.840.1.113883.6.1,48768-6,Payment Sources,,,,,,,,,
ccda-xml,LOINC,,code,2.16.840.1.113883.6.1,18776-5,Treatment plan,,,,,,,,,
ccda-xml,LOINC,,translation,2.16.840.1.113883.6.1,74728-7,Vital signs,,,,,,,,,
ccda-xml,LOINC,,code,2.16.840.1.113883.6.1,54522-8,Functional status,,,,,,,,,
ccda-xml,LOINC,,code,2.16.840.1.113883.6.1,11369-6,Hx of Immunization,,,,,,,,,
ccda-xml,LOINC,,code,2.16.840.1.113883.6.1,10157-6,,,,,,,,,,
ccda-xml,LOINC,,code,2.16.840.1.113883.6.1,34133-9,Summarization of Episode Note,,,,,,,,,
ccda-xml,LOINC,,code,2.16.840.1.113883.6.1,48768-6,Payer,,,,,,,,,
ccda-xml,LOINC,,code,2.16.840.1.113883.6.1,47519-4,History of procedures,,,,,,,,,
ccda-xml,LOINC,,code,2.16.840.1.113883.6.1,48768-6,Payment sources,,,,,,,,,
ccda-xml,LOINC,,code,2.16.840.1.113883.6.1,42348-3,,,,,,,,,,
ccda-xml,LOINC,,code,2.16.840.1.113883.6.1,45473-6,advance directive - living will,,,,,,,,,
ccda-xml,LOINC,,code,2.16.840.1.113883.6.1,57021-8,CBC W Auto Differential panel - Blood,,,,,,,,,
ccda-xml,LOINC,,code,2.16.840.1.113883.6.1,47519-4,HISTORY OF PROCEDURES,,,,,,,,,
ccda-xml,LOINC,,code,2.16.840.1.113883.6.1,4544-3,Hematocrit,,,,,,,,,
ccda-xml,LOINC,,code,2.16.840.1.113883.6.1,6690-2,Leukocytes[#/volume] in Blood by Automated count,,,,,,,,,
ccda-xml,LOINC,,code,2.16.840.1.113883.6.1,789-8,Erythrocytes [#/volume] in Blood by Automated count,,,,,,,,,
ccda-xml,LOINC,,code,2.16.840.1.113883.6.1,46240-8,History of encounters,,,,,,,,,
ccda-xml,LOINC,,translation,2.16.840.1.113883.6.1,75326-9,Problem,,,,,,,,,
ccda-xml,,,code,2.16.840.1.113883.6.1,76662-6,,,,,,,,,,
ccda-xml,,,code,2.16.840.1.113883.6.1,85847-2,,,,,,,,,,
ccda-xml,LOINC,,code,2.16.840.1.113883.6.1,61146-7,Goals,,,,,,,,,
ccda-xml,LOINC,,code,2.16.840.1.113883.6.1,6690-2,Leukocytes,,,,,,,,,
ccda-xml,LOINC,,code,2.16.840.1.113883.6.1,718-7,Hemoglobin,,,,,,,,,
ccda-xml,LOINC,,code,2.16.840.1.113883.6.1,57021-8,CBC W Auto Differential panel in Blood,,,,,,,,,
ccda-xml,,,code,2.16.840.1.113883.6.1,29463-7,Body weight,,,,,,,,,
ccda-xml,LOINC,,code,2.16.840.1.113883.6.1,30954-2,RESULTS,,,,,,,,,
ccda-xml,LOINC,,code,2.16.840.1.113883.6.1,8462-4,DIASTOLIC BLOOD PRESSURE,,,,,,,,,
ccda-xml,LOINC,,translation,2.16.840.1.113883.6.1,75320-2,Advance directive,,,,,,,,,
ccda-xml,LOINC,,code,2.16.840.1.113883.6.1,8480-6,SYSTOLIC BLOOD PRESSURE,,,,,,,,,
ccda-xml,LOINC,,code,2.16.840.1.113883.6.1,3094-0,Urea nitrogen [Mass/volume] in Serum or Plasma,,,,,,,,,
ccda-xml,LOINC,,code,2.16.840.1.113883.6.1,48765-2,Allergies &or adverse reactions Doc,,,,,,,,,
ccda-xml,LOINC,,code,2.16.840.1.113883.6.1,777-3,Platelets [#/volume] in Blood by Automated count,,,,,,,,,
ccda-xml,SNOMED CT,,code,2.16.840.1.113883.6.1,89044-2,Basic metabolic and albumin panel - Serum or Plasma,,,,,,,,,
ccda-xml,LOINC,,code,2.16.840.1.113883.6.1,34133-9,SUMMARIZATION OF EPISODE NOTE,,,,,,,,,
ccda-xml,LN,,code,2.16.840.1.113883.6.1,736-9,Lymphocytes/100 leukocytes in Blood by Automated count,,,,,,,,,
ccda-xml,LN,,code,2.16.840.1.113883.6.1,29762-2,,,,,,,,,,
ccda-xml,LOINC,,code,2.16.840.1.113883.6.1,18041-4,Aortic valve Ejection [Time] by US.doppler,,,,,,,,,
ccda-xml,,,code,2.16.840.1.113883.6.1,46240-8,Encounters,,,,,,,,,
ccda-xml,LOINC,,code,2.16.840.1.113883.6.1,18089-3,AV Orifice Area US,,,,,,,,,
ccda-xml,LOINC,,code,2.16.840.1.113883.6.1,34534-8,EKG 12 channel panel,,,,,,,,,
ccda-xml,LN,,code,2.16.840.1.113883.6.1,11369-6,History of Immunizations,,,,,,,,,
ccda-xml,LN,,code,2.16.840.1.113883.6.1,47519-4,History of Procedures,,,,,,,,,
ccda-xml,LOINC,,code,2.16.840.1.113883.6.1,18844-1,EKG impression Narrative,,,,,,,,,
ccda-xml,,,code,2.16.840.1.113883.6.1,18776-5,Plan of Treatment,,,,,,,,,
ccda-xml,LOINC,,code,2.16.840.1.113883.6.1,29308-4,Diagnosis,,,,,,,,,
ccda-xml,LOINC,,code,2.16.840.1.113883.6.1,2028-9,Carbon dioxide,,,,,,,,,
ccda-xml,LOINC,,code,2.16.840.1.113883.6.1,39156-5,BMI,,,,,,,,,
ccda-xml,LOINC,,code,2.16.840.1.113883.6.1,12951-0,Trigl SerPl Calc-mCnc,,,,,,,,,
ccda-xml,LOINC,,code,2.16.840.1.113883.6.1,2093-3,Cholest SerPl-mCnc,,,,,,,,,
ccda-xml,LOINC,,code,2.16.840.1.113883.6.1,2089-1,LDLc SerPl-mCnc,,,,,,,,,
ccda-xml,LOINC,,code,2.16.840.1.113883.6.1,14646-4,HDLc SerPl-sCnc,,,,,,,,,
ccda-xml,LOINC,,code,2.16.840.1.113883.6.1,8462-4,BP Diastolic,,,,,,,,,
ccda-xml,LOINC,,code,2.16.840.1.113883.6.1,8480-6,BP Systolic,,,,,,,,,
ccda-xml,,,code,2.16.840.1.113883.6.1,11369-6,,,,,,,,,,
ccda-xml,LOINC,,code,2.16.840.1.113883.6.1,39156-5,Body Mass Index Calculated,,,,,,,,,
ccda-xml,LOINC,,code,2.16.840.1.113883.6.1,30954-2,Relevant diagnostic tests and/or laboratory data,,,,,,,,,
ccda-xml,LOINC,,code,2.16.840.1.113883.6.1,3141-9,Weight,,,,,,,,,
ccda-xml,LOINC,,code,2.16.840.1.113883.6.1,33999-4,Status,,,,,,,,,
ccda-xml,LOINC,,code,2.16.840.1.113883.6.1,6301-6,INR in Platelet poor plasma by Coagulation assay,,,,,,,,,
ccda-xml,,,code,2.16.840.1.113883.6.1,69730-0,Instructions,,,,,,,,,
ccda-xml,LOINC,,code,2.16.840.1.113883.6.1,34133-9,Summarization Of Episode,,,,,,,,,
ccda-xml,LOINC,,code,2.16.840.1.113883.6.1,30954-2,Results,,,,,,,,,
ccda-xml,LOINC,,code,2.16.840.1.113883.6.1,10160-0,HISTORY OF MEDICATION USE,,,,,,,,,
ccda-xml,LOINC,,code,2.16.840.1.113883.6.1,48765-2,,,,,,,,,,
ccda-xml,LOINC,,code,2.16.840.1.113883.6.1,11450-4,Problem list,,,,,,,,,
ccda-xml,LOINC,,code,2.16.840.1.113883.6.1,51847-2,,,,,,,,,,
ccda-xml,LN,,code,2.16.840.1.113883.6.1,34133-9,Summarization of Episode Note,,,,,,,,,
ccda-xml,LN,,code,2.16.840.1.113883.6.1,48768-6,Payers,,,,,,,,,
ccda-xml,LOINC,,code,2.16.840.1.113883.6.1,34552-0,2D echocardiogram panel,,,,,,,,,
ccda-xml,LN,,code,2.16.840.1.113883.6.1,48768-6,Payment Sources,,,,,,,,,
ccda-xml,LN,,code,2.16.840.1.113883.6.1,48765-2,"Allergies, Adverse Reactions, Alerts",,,,,,,,,
ccda-xml,LN,,code,2.16.840.1.113883.6.1,33999-4,Status,,,,,,,,,
ccda-xml,LOINC,,code,2.16.840.1.113883.6.1,4548-4,Hemoglobin A1c/Hemoglobin.total in Blood,,,,,,,,,
ccda-xml,LOINC,,code,2.16.840.1.113883.6.1,10157-6,Family History,,,,,,,,,
ccda-xml,LOINC,,code,2.16.840.1.113883.6.1,29299-5,REASON FOR VISIT,,,,,,,,,
ccda-xml,LN,,code,2.16.840.1.113883.6.1,10160-0,History of Medication Use,,,,,,,,,
ccda-xml,LOINC,,code,2.16.840.1.113883.6.1,42348-3,Advance Directives,,,,,,,,,
ccda-xml,LN,,code,2.16.840.1.113883.6.1,48767-8,Annotation Comment,,,,,,,,,
ccda-xml,LOINC,,code,2.16.840.1.113883.6.1,2160-0,Creatinine [Mass/volume] in Serum or Plasma,,,,,,,,,
ccda-xml,LN,,code,2.16.840.1.113883.6.1,11450-4,Problem list,,,,,,,,,
ccda-xml,LOINC,,code,2.16.840.1.113883.6.1,3016-3,Thyrotropin [Units/volume] in Serum or Plasma,,,,,,,,,
ccda-xml,LOINC,,code,2.16.840.1.113883.6.1,8302-2,Height,,,,,,,,,
ccda-xml,LN,,code,2.16.840.1.113883.6.1,718-7,Hemoglobin [Mass/volume] in Blood,,,,,,,,,
ccda-xml,LN,,code,2.16.840.1.113883.6.1,787-2,MCV [Entitic volume] by Automated count,,,,,,,,,
ccda-xml,LN,,code,2.16.840.1.113883.6.1,785-6,MCH [Entitic mass] by Automated count,,,,,,,,,
ccda-xml,LN,,code,2.16.840.1.113883.6.1,786-4,MCHC [Mass/volume] by Automated count,,,,,,,,,
ccda-xml,LN,,code,2.16.840.1.113883.6.1,788-0,Erythrocyte distribution width [Ratio] by Automated count,,,,,,,,,
ccda-xml,LN,,code,2.16.840.1.113883.6.1,777-3,Platelets [#/volume] in Blood by Automated count,,,,,,,,,
ccda-xml,LN,,code,2.16.840.1.113883.6.1,770-8,Neutrophils/100 leukocytes in Blood by Automated count,,,,,,,,,
ccda-xml,LN,,code,2.16.840.1.113883.6.1,5905-5,Monocytes/100 leukocytes in Blood by Automated count,,,,,,,,,
ccda-xml,LN,,code,2.16.840.1.113883.6.1,713-8,Eosinophils/100 leukocytes in Blood by Automated count,,,,,,,,,
ccda-xml,LN,,code,2.16.840.1.113883.6.1,706-2,Basophils/100 leukocytes in Blood by Automated count,,,,,,,,,
ccda-xml,LOINC,,code,2.16.840.1.113883.6.1,10160-0,History of Medication Use,,,,,,,,,
ccda-xml,LN,,code,2.16.840.1.113883.6.1,751-8,Neutrophils [#/volume] in Blood by Automated count,,,,,,,,,
ccda-xml,,,code,2.16.840.1.113883.6.1,11450-4,Problem List,,,,,,,,,
ccda-xml,LN,,code,2.16.840.1.113883.6.1,731-0,Lymphocytes [#/volume] in Blood by Automated count,,,,,,,,,
ccda-xml,LN,,code,2.16.840.1.113883.6.1,742-7,Monocytes [#/volume] in Blood by Automated count,,,,,,,,,
ccda-xml,LN,,code,2.16.840.1.113883.6.1,711-2,Eosinophils [#/volume] in Blood by Automated count,,,,,,,,,
ccda-xml,LOINC,,code,2.16.840.1.113883.6.1,47420-5,Functional Status,,,,,,,,,
ccda-xml,LOINC,,code,2.16.840.1.113883.6.1,42349-1,Reason For Referral,,,,,,,,,
ccda-xml,LN,,code,2.16.840.1.113883.6.1,704-7,Basophils [#/volume] in Blood by Automated count,,,,,,,,,
ccda-xml,LN,,code,2.16.840.1.113883.6.1,69730-0,INSTRUCTIONS,,,,,,,,,
ccda-xml,LN,,code,2.16.840.1.113883.6.1,8716-3,Vital Signs,,,,,,,,,
ccda-xml,LN,,code,2.16.840.1.113883.6.1,29549-3,Medications Administered,,,,,,,,,
ccda-xml,LN,,code,2.16.840.1.113883.6.1,4544-3,Hematocrit [Volume Fraction] of Blood by Automated count,,,,,,,,,
ccda-xml,LOINC,,code,2.16.840.1.113883.6.1,8716-3,Vital Signs,,,,,,,,,
ccda-xml,LOINC,,code,2.16.840.1.113883.6.1,11579-0,Thyrotropin [Units/volume] in Serum or Plasma by Detection limit less than or equal to 0.05 mIU/L,,,,,,,,,
ccda-xml,LOINC,,code,2.16.840.1.113883.6.1,34133-9,Health Summary,,,,,,,,,
ccda-xml,LOINC,,code,2.16.840.1.113883.6.1,11369-6,History of Immunizations,,,,,,,,,
ccda-xml,LN,,code,2.16.840.1.113883.6.1,51848-0,Assessments,,,,,,,,,
ccda-xml,LN,,code,2.16.840.1.113883.6.1,11535-2,Hospital Discharge Diagnosis,,,,,,,,,
ccda-xml,LOINC,,code,2.16.840.1.113883.6.1,11369-6,History of immunizations,,,,,,,,,
ccda-xml,LN,,code,2.16.840.1.113883.6.1,46240-8,History of Encounters,,,,,,,,,
ccda-xml,LN,,code,2.16.840.1.113883.6.1,789-8,Erythrocytes [#/volume] in Blood by Automated count,,,,,,,,,
ccda-xml,LN,,code,2.16.840.1.113883.6.1,30954-2,Relevant diagnostic tests and/or laboratory data,,,,,,,,,
ccda-xml,LOINC,,code,2.16.840.1.113883.6.1,47519-4,History of Procedures,,,,,,,,,
ccda-xml,LOINC,,code,2.16.840.1.113883.6.1,29762-2,Social History,,,,,,,,,
ccda-xml,LOINC,,code,2.16.840.1.113883.6.1,48765-2,"Allergies, adverse reactions, alerts",,,,,,,,,
ccda-xml,LOINC,,code,2.16.840.1.113883.6.1,18776-5,Plan of Care,,,,,,,,,
ccda-xml,LOINC,,translation,2.16.840.1.113883.6.1,75323-6,Condition,,,,,,,,,
ccda-xml,,,code,2.16.840.1.113883.6.1,48765-2,,,,,,,,,,
ccda-xml,LN,,code,2.16.840.1.113883.6.1,41653-7,Glucose [Mass/volume] in Capillary blood by Glucometer,,,,,,,,,
ccda-xml,LN,,code,2.16.840.1.113883.6.1,36554-4,XR Chest Single view,,,,,,,,,
ccda-xml,LN,,code,2.16.840.1.113883.6.1,94500-6,SARS coronavirus 2 RNA [Presence] in Respiratory specimen by NAA with probe detection,,,,,,,,,
ccda-xml,LN,,code,2.16.840.1.113883.6.1,CBC,COMPLETE BLOOD COUNT,,,,,,,,,
ccda-xml,LN,,code,2.16.840.1.113883.6.1,6690-2,Leukocytes [#/volume] in Blood by Automated count,,,,,,,,,
ccda-xml,LN,,code,2.16.840.1.113883.6.1,285219,CLIA Blood Glucose Fingerstick performed (82962),,,,,,,,,
ccda-xml,LOINC,,code,2.16.840.1.113883.6.1,10160-0,History of medication use,,,,,,,,,
ccda-xml,Health Care Provider Taxonomy,,code,2.16.840.1.113883.6.101,207R00000X,Internal Medicine,,,,,,,,,
ccda-xml,NUCC Health Care Provider Taxonomy,,code,2.16.840.1.113883.6.101,163W00000X,Registered Nurse,,,,,,,,,
ccda-xml,NUCC,,standardIndustryClassCode,2.16.840.1.113883.6.101,261QP2300X,Primary Care,,,,,,,,,
ccda-xml,NUCC,,standardIndustryClassCode,2.16.840.1.113883.6.101,207QG0300X,Geriatric Medicine,,,,,,,,,
ccda-xml,NUCC Health Care Provider Taxonomy,,code,2.16.840.1.113883.6.101,207R00000X,Internal Medicine,,,,,,,,,
ccda-xml,Healthcare Provider Taxonomy (HIPAA),,code,2.16.840.1.113883.6.101,246Q00000X,"Technician, Pathology",,,,,,,,,
ccda-xml,NUCC,,code,2.16.840.1.113883.6.101,207QA0505X,Adult Medicine,,,,,,,,,
ccda-xml,Healthcare Provider Taxonomy (HIPAA),,code,2.16.840.1.113883.6.101,207KA0200X,Allergy,,,,,,,,,
ccda-xml,Provider Codes,,code,2.16.840.1.113883.6.101,200000000X,Allopathic and Osteopathic Physicians,,,,,,,,,
ccda-xml,,,code,2.16.840.1.113883.6.101,200000000X,Allopathic & Osteopathic Physicians,,,,,,,,,
ccda-xml,NUCC Provider Codes,,code,2.16.840.1.113883.6.101,261QP2300X,Primary Care [Ambulatory Health Care Facilities\Clinic/Center],,,,,,,,,
ccda-xml,Health Care Provider Taxonomy,,code,2.16.840.1.113883.6.101,207Q00000X,Family Medicine,,,,,,,,,
ccda-xml,,,code,2.16.840.1.113883.6.101,200000000X,,,,,,,,,,
ccda-xml,Provider Codes,,code,2.16.840.1.113883.6.101,208D00000X,General Practice,,,,,,,,,
ccda-xml,NUCC,,code,2.16.840.1.113883.6.101,261QP2300X,Primary Care,,,,,,,,,
ccda-xml,NUCC,,code,2.16.840.1.113883.6.101,207RC0000X,Cardiovascular Disease,,,,,,,,,
ccda-xml,NUCC,,code,2.16.840.1.113883.6.101,364SA2200X,Adult Health,,,,,,,,,
ccda-xml,Healthcare Provider Taxonomy (HIPAA),,code,2.16.840.1.113883.6.101,207QA0505X,Adult Medicine,,,,,,,,,
ccda-xml,Healthcare Provider Taxonomy (HIPAA),,code,2.16.840.1.113883.6.101,163W00000X,Registered nurse,,,,,,,,,
ccda-xml,,,code,2.16.840.1.113883.6.101,200000000X,Homer Medical Center,,,,,,,,,
ccda-xml,,,code,2.16.840.1.113883.6.101,207Q00000X,Allopathic & Osteopathic Physicians,,,,,,,,,
ccda-xml,ICD-9-CM,,translation,2.16.840.1.113883.6.103,V70.0,Routine general medical examination at a health care facility,,,,,,,,,
ccda-xml,ICD-9-CM,,translation,2.16.840.1.113883.6.103,45.23,Colonoscopy,,,,,,,,,
ccda-xml,ICD-9-CM,,translation,2.16.840.1.113883.6.103,401.9,Unspecified essential hypertension,,,,,,,,,
ccda-xml,ICD-9CM,,translation,2.16.840.1.113883.6.103,715.90,Osteoarthritis,,,,,,,,,
ccda-xml,ICD-9-CM,,translation,2.16.840.1.113883.6.103,V15.03,Allergy to eggs,,,,,,,,,
ccda-xml,CPT,,code,2.16.840.1.113883.6.12,99222,InPatient Admission,,,,,,,,,
ccda-xml,CPT,,code,2.16.840.1.113883.6.12,99241,Office consultation - 15 minutes,,,,,,,,,
ccda-xml,CPT,,code,2.16.840.1.113883.6.12,99213,"Office/outpatient visit, est",,,,,,,,,
ccda-xml,CPT,,code,2.16.840.1.113883.6.12,99412,"Preventive counseling, group",,,,,,,,,
ccda-xml,CPT,,code,2.16.840.1.113883.6.12,99212,Outpatient Visit,,,,,,,,,
ccda-xml,CPT-4,,code,2.16.840.1.113883.6.12,99221,"Initial hospital care, per day, for the evaluation and management of a patient, which requires these 3 key components: A detailed or comprehensive history; A detailed or comprehensive examination; and Medical decision making that is straightforward or of low complexity. Counseling and/or coordination of care with other physicians, other qualified health care professionals, or agencies are provided consistent with the nature of the problem(s) and the patient's and/or family's needs. Usually, the problem(s) requiring admission are of low severity. Typically, 30 minutes are spent at the bedside and on the patient's hospital floor or unit.",,,,,,,,,
ccda-xml,CPT,,code,2.16.840.1.113883.6.12,99406,Behav chng smoking 3-10 min,,,,,,,,,
ccda-xml,CPT4,,code,2.16.840.1.113883.6.12,37205,TCAT PLMT IV STENT PERCUTANEOUS 1ST VESSEL,,,,,,,,,
ccda-xml,CPT4,,code,2.16.840.1.113883.6.12,66983,ICAPSULAR CATARACT XTRJ INSJ IO LENS PRSTH 1 STG,,,,,,,,,
ccda-xml,CPT4,,code,2.16.840.1.113883.6.12,33512,CORONARY ARTERY BYPASS 3 CORONARY VENOUS GRAFTS,,,,,,,,,
ccda-xml,CPT4,,code,2.16.840.1.113883.6.12,27447,ARTHRP KNE CONDYLE+PLATU MEDIAL+LAT COMPARTMENTS,,,,,,,,,
ccda-xml,CPT-4,,code,2.16.840.1.113883.6.12,99221,"Initial hospital care, per day, for the evaluation and management of a patient, which requires these 3 key components: A detailed or comprehensive history; A detailed or comprehensive examination; and Medical decision making that is straightforward or of low complexity.",,,,,,,,,
ccda-xml,CPT4,,code,2.16.840.1.113883.6.12,42825,TONSILLECTOMY ONE-HALF UNDER AGE 12,,,,,,,,,
ccda-xml,CPT,,code,2.16.840.1.113883.6.12,45378,Diagnostic colonoscopy,,,,,,,,,
ccda-xml,CPT-4,,code,2.16.840.1.113883.6.12,99213,Office outpatient visit 15 minutes,,,,,,,,,
ccda-xml,CPT4,,code,2.16.840.1.113883.6.12,47600,CHOLECYSTECTOMY,,,,,,,,,
ccda-xml,CPT,,code,2.16.840.1.113883.6.12,99213,Office outpatient visit 15 minutes,,,,,,,,,
ccda-xml,CPT,,translation,2.16.840.1.113883.6.12,82465,"Assay, bld/serum cholesterol",,,,,,,,,
ccda-xml,CPT,,translation,2.16.840.1.113883.6.12,83721,Assay of blood lipoprotein,,,,,,,,,
ccda-xml,CPT,,translation,2.16.840.1.113883.6.12,83701,"Lipoprotein bld, hr fraction",,,,,,,,,
ccda-xml,CPT,,translation,2.16.840.1.113883.6.12,84478,Assay of triglycerides,,,,,,,,,
ccda-xml,HCPCS,,translation,2.16.840.1.113883.6.13,G0121,Colon ca scrn not hi rsk ind,,,,,,,,,
ccda-xml,Race & Ethnicity - CDC,,ethnicGroupCode,2.16.840.1.113883.6.238,2186-5,Not Hispanic or Latino,,,,,,,,,
ccda-xml,Race and Ethnicity - CDC,,raceCode,2.16.840.1.113883.6.238,2106-3,White,,,,,,,,,
ccda-xml,Race and Ethnicity - CDC,,ethnicGroupCode,2.16.840.1.113883.6.238,2186-5,Not Hispanic or Latino,,,,,,,,,
ccda-xml,CDC - Race and Ethnicity,,raceCode,2.16.840.1.113883.6.238,2106-3,White,,,,,,,,,
ccda-xml,CDC - Race and Ethnicity,,ethnicGroupCode,2.16.840.1.113883.6.238,2186-5,Not Hispanic or Latino,,,,,,,,,
ccda-xml,Race & Ethnicity - CDC,,raceCode,2.16.840.1.113883.6.238,2106-3,White,,,,,,,,,
ccda-xml,OMB Standards for Race and Ethnicity,,raceCode,2.16.840.1.113883.6.238,2106-3,White,,,,,,,,,
ccda-xml,Race & Ethnicity - CDC,,raceCode,2.16.840.1.113883.6.238,2076-8,Hawaiian or Other Pacific Islander,,,,,,,,,
ccda-xml,OMB Standards for Race and Ethnicity,,ethnicGroupCode,2.16.840.1.113883.6.238,2186-5,Not Hispanic or Latino,,,,,,,,,
ccda-xml,ICF,,code,2.16.840.1.113883.6.254,d5,Self-Care,,,,,,,,,
ccda-xml,,,code,2.16.840.1.113883.6.259,1052-0,Inpatient Burn Ward,,,,,,,,,
ccda-xml,HealthcareServiceLocation,,code,2.16.840.1.113883.6.259,1117-1,Family Medicine Clinic,,,,,,,,,
ccda-xml,HL7 HealthcareServiceLocation,,code,2.16.840.1.113883.6.259,1160-1,Urgent Care Center,,,,,,,,,
ccda-xml,HealthcareServiceLocation,,code,2.16.840.1.113883.6.259,1160-1,Urgent Care Center,,,,,,,,,
ccda-xml,,,code,2.16.840.1.113883.6.259,1212-0,Any Age Mixed Acuity Unit,,,,,,,,,
ccda-xml,HL7 HealthcareServiceLocation,,code,2.16.840.1.113883.6.259,1105-6,Chronic Rehabilitation Unit,,,,,,,,,
ccda-xml,HL7 HealthcareServiceLocation,,code,2.16.840.1.113883.6.259,1060-3,Medical Ward,,,,,,,,,
ccda-xml,HL7 HealthcareServiceLocation,,code,2.16.840.1.113883.6.259,1118-9,Gastroenterology Clinic,,,,,,,,,
ccda-xml,HealthcareServiceLocation,,code,2.16.840.1.113883.6.259,1108-0,Emergency Room,,,,,,,,,
ccda-xml,I10,,translation,2.16.840.1.113883.6.3,J06.9,"Acute upper respiratory infection, unspecified",,,,,,,,,
ccda-xml,I10,,translation,2.16.840.1.113883.6.3,K12.2,Cellulitis and abscess of mouth,,,,,,,,,
ccda-xml,I10,,translation,2.16.840.1.113883.6.3,E11.65,Type 2 diabetes mellitus with hyperglycemia,,,,,,,,,
ccda-xml,I10,,translation,2.16.840.1.113883.6.3,Z11.1,Encounter for screening for respiratory tuberculosis,,,,,,,,,
ccda-xml,NUBC UB-04 Patient Discharge Status code set,,dischargeDispositionCode,2.16.840.1.113883.6.301.5,01,Discharged to Home or Self Care (Routine Discharge),,,,,,,,,
ccda-xml,CVX,,translation,2.16.840.1.113883.6.59,09,Tetanus and diphtheria toxoids - preservative free,,,,,,,,,
ccda-xml,CVX,,code,2.16.840.1.113883.6.59,103,Tetanus and diphtheria toxoids - preservative free,,,,,,,,,
ccda-xml,CVX,,code,2.16.840.1.113883.6.59,33,Pneumococcal polysaccharide vaccine,,,,,,,,,
ccda-xml,CVX,,code,2.16.840.1.113883.6.59,88,Influenza virus vaccine,,,,,,,,,
ccda-xml,CVX,,code,2.16.840.1.113883.6.59,45,Hepatitis B vaccine,,,,,,,,,
ccda-xml,CVX,,translation,2.16.840.1.113883.6.59,111,"influenza, live, intranasal",,,,,,,,,
ccda-xml,NDC,,translation,2.16.840.1.113883.6.69,00006-4943-00,PNEUMOCOCCAL 23-VALPS VACCINE,,,,,,,,,
ccda-xml,,,translation,2.16.840.1.113883.6.69,00409733410,,,,,,,,,,
ccda-xml,NDC,,code,2.16.840.1.113883.6.69,76439013650,Tramadol HCl,,,,,,,,,
ccda-xml,NDC,,translation,2.16.840.1.113883.6.69,65597070118,WELCHOL TAB 625MG,,,,,,,,,
ccda-xml,NDC,,code,2.16.840.1.113883.6.69,65862001705,AMOXICILLIN CAP 500MG,,,,,,,,,
ccda-xml,NDC,,translation,2.16.840.1.113883.6.69,65862001705,AMOXICILLIN CAP 500MG,,,,,,,,,
ccda-xml,NDC,,translation,2.16.840.1.113883.6.69,53746046501,IBUPROFEN TAB 600MG,,,,,,,,,
ccda-xml,NDC,,code,2.16.840.1.113883.6.69,00409-1258-30,MORPHINE,,,,,,,,,
ccda-xml,NDC,,code,2.16.840.1.113883.6.69,00093310905,Amoxicillin,,,,,,,,,
ccda-xml,,,translation,2.16.840.1.113883.6.69,55513003201,,,,,,,,,,
ccda-xml,NDC,,code,2.16.840.1.113883.6.69,53746046501,IBUPROFEN TAB 600MG,,,,,,,,,
ccda-xml,NDC,,translation,2.16.840.1.113883.6.69,76439013650,Tramadol HCl,,,,,,,,,
ccda-xml,NDC,,code,2.16.840.1.113883.6.69,17856060805,Promethazine HCl,,,,,,,,,
ccda-xml,NDC,,translation,2.16.840.1.113883.6.69,00409-1258-30,MORPHINE,,,,,,,,,
ccda-xml,,,translation,2.16.840.1.113883.6.69,50580044410,,,,,,,,,,
ccda-xml,NDC,,code,2.16.840.1.113883.6.69,65597070118,WELCHOL TAB 625MG,,,,,,,,,
ccda-xml,NDC,,translation,2.16.840.1.113883.6.69,17856060805,Promethazine HCl,,,,,,,,,
ccda-xml,NDC,,translation,2.16.840.1.113883.6.69,00093310905,Amoxicillin,,,,,,,,,
ccda-xml,RxNorm,,code,2.16.840.1.113883.6.88,70618,Penicillin,,,,,,,,,
ccda-xml,RxNorm,,code,2.16.840.1.113883.6.88,835603,traMADol hydrochloride 50 MG Oral Tablet,,,,,,,,,
ccda-xml,RxNorm,,code,2.16.840.1.113883.6.88,863671,Flomax 0.4 MG Oral Capsule,,,,,,,,,
ccda-xml,RxNorm,,code,2.16.840.1.113883.6.88,866514,Metoprolol Tartrate 50 MG Oral Tablet,,,,,,,,,
ccda-xml,RxNorm,,code,2.16.840.1.113883.6.88,308416,Aspirin 81 MG Enteric Coated Tablet,,,,,,,,,
ccda-xml,RxNorm,,code,2.16.840.1.113883.6.88,311041,Insulin Glargine 100 UNT/ML Injectable Solution,,,,,,,,,
ccda-xml,RxNorm,,code,2.16.840.1.113883.6.88,892246,Levothyroxine Sodium 0.1 MG Oral Tablet,,,,,,,,,
ccda-xml,RxNorm,,code,2.16.840.1.113883.6.88,861748,glyBURIDE 2.5 MG / metFORMIN hydrochloride 500 MG Oral Tablet,,,,,,,,,
ccda-xml,RxNorm,,code,2.16.840.1.113883.6.88,198211,Simvastatin 40 MG Oral Tablet,,,,,,,,,
ccda-xml,RxNorm,,code,2.16.840.1.113883.6.88,308135,Amlodipine 10 MG Oral Tablet,,,,,,,,,
ccda-xml,RxNorm,,code,2.16.840.1.113883.6.88,706459,K-Dur 10 MEQ Extended Release Tablet,,,,,,,,,
ccda-xml,RxNorm,,code,2.16.840.1.113883.6.88,313988,Furosemide 40 MG Oral Tablet,,,,,,,,,
ccda-xml,RxNorm,,code,2.16.840.1.113883.6.88,314077,Lisinopril 20 MG Oral Tablet,,,,,,,,,
ccda-xml,,,code,2.16.840.1.113883.6.88,896001,120 ACTUAT Fluticasone propionate 0.11 MG/ACTUAT Metered Dose Inhaler,,,,,,,,,
ccda-xml,,,translation,2.16.840.1.113883.6.88,161,Acetaminophen,,,,,,,,,
ccda-xml,,,translation,2.16.840.1.113883.6.88,209459,,,,,,,,,,
ccda-xml,,,translation,2.16.840.1.113883.6.88,2193,cefTRIAXone,,,,,,,,,
ccda-xml,,,translation,2.16.840.1.113883.6.88,283838,darbepoetin alfa,,,,,,,,,
ccda-xml,,,translation,2.16.840.1.113883.6.88,731241,,,,,,,,,,
ccda-xml,RxNorm,,code,2.16.840.1.113883.6.88,1191,Aspirin,,,,,,,,,
ccda-xml,RxNorm,,code,2.16.840.1.113883.6.88,1112231,Naproxen sodium 220 MG Oral Capsule,,,,,,,,,
ccda-xml,RxNorm,,code,2.16.840.1.113883.6.88,201961,Proscar 5 MG Oral Tablet,,,,,,,,,
ccda-xml,,,code,2.16.840.1.113883.6.88,309090,cefTRIAXone 100 mg/ml injectable solution,,,,,,,,,
ccda-xml,RxNorm,,code,2.16.840.1.113883.6.88,197900,Lorazepam 0.5 MG Oral Tablet,,,,,,,,,
ccda-xml,,,code,2.16.840.1.113883.6.88,,,,,,,,,,,
ccda-xml,RxNorm,,translation,2.16.840.1.113883.6.88,896001,120 ACTUAT Fluticasone propionate 0.11 MG/ACTUAT Metered Dose Inhaler,,,,,,,,,
ccda-xml,RxNorm,,translation,2.16.840.1.113883.6.88,573621,Albuterol 0.09 MG/ACTUAT inhalant solution,,,,,,,,,
ccda-xml,RxNorm,,translation,2.16.840.1.113883.6.88,573621,Proventil 0.09 MG/ACTUAT inhalant solution,,,,,,,,,
ccda-xml,RxNorm,,code,2.16.840.1.113883.6.88,573621,Albuterol 0.09 MG/ACTUAT,,,,,,,,,
ccda-xml,RxNorm,,code,2.16.840.1.113883.6.88,7982,Penicillin G benzathine,,,,,,,,,
ccda-xml,RxNorm,,code,2.16.840.1.113883.6.88,2670,Codeine,,,,,,,,,
ccda-xml,RxNorm,,code,2.16.840.1.113883.6.88,105029,Neurontin 300 MG Oral Capsule,,,,,,,,,
ccda-xml,RxNorm,,code,2.16.840.1.113883.6.88,858828,Enalapril Maleate 10 MG / Hydrochlorothiazide 25 MG Oral Tablet,,,,,,,,,
ccda-xml,RxNorm,,code,2.16.840.1.113883.6.88,197380,Atenolol 25 MG Oral Tablet,,,,,,,,,
ccda-xml,,,code,2.16.840.1.113883.6.88,573621,Proventil 0.09 MG/ACTUAT inhalant solution,,,,,,,,,
ccda-xml,RxNorm,,code,2.16.840.1.113883.6.88,324049,Aerosol,,,,,,,,,
ccda-xml,RxNorm,,code,2.16.840.1.113883.6.88,573621,Proventil 0.09 MG/ACTUAT inhalant solution,,,,,,,,,
ccda-xml,,,code,2.16.840.1.113883.6.88,573621,Albuterol 0.09 MG/ACTUAT inhalant solution,,,,,,,,,
ccda-xml,RxNorm,,code,2.16.840.1.113883.6.88,855312,Warfarin Sodium 2.5 MG Oral Tablet,,,,,,,,,
ccda-xml,,,code,2.16.840.1.113883.6.88,731227,Aranesp 40 MCG per 0.4 ML Prefilled Syringe,,,,,,,,,
ccda-xml,RxNorm,,code,2.16.840.1.113883.6.88,1046847,24 HR Nicotine 0.313 MG/HR Transdermal Patch,,,,,,,,,
ccda-xml,RxNorm,,code,2.16.840.1.113883.6.88,854878,Ambien 5 MG Oral Tablet,,,,,,,,,
ccda-xml,RxNorm,,code,2.16.840.1.113883.6.88,855332,Warfarin Sodium 5 MG Oral Tablet,,,,,,,,,
ccda-xml,,,code,2.16.840.1.113883.6.88,198440,acetaminophen 500 mg oral tablet,,,,,,,,,
ccda-xml,RxNorm,,code,2.16.840.1.113883.6.88,833530,Cordarone 200 MG Oral Tablet,,,,,,,,,
ccda-xml,ICD-10-CM,,translation,2.16.840.1.113883.6.90,I10,Essential (primary) hypertension,,,,,,,,,
ccda-xml,ICD-10-CM,,translation,2.16.840.1.113883.6.90,Z12.11,Encounter for screening for malignant neoplasm of colon,,,,,,,,,
ccda-xml,ICD-10-CM,,translation,2.16.840.1.113883.6.90,M19.90,Osteoarthritis,,,,,,,,,
ccda-xml,SCT,,code,2.16.840.1.113883.6.96,282291009,Diagnosis,,,,,,,,,
ccda-xml, SNOMED-CT,,value,2.16.840.1.113883.6.96,55561003,Active,,,,,,,,,
ccda-xml,SNOMED-CT,,code,2.16.840.1.113883.6.96,55607006,Problem,,,,,,,,,
ccda-xml,SNOMED-CT,,value,2.16.840.1.113883.6.96,59621000,Hypertension,,,,,,,,,
ccda-xml,SNOMED-CT,,translation,2.16.840.1.113883.6.96,384742004,Smoking cessation assistance,,,,,,,,,
ccda-xml,,,code,2.16.840.1.113883.6.96,,,,,,,,,,,
ccda-xml,SNOMED CT,,value,2.16.840.1.113883.6.96,271593001,Severly Ill,,,,,,,,,
ccda-xml,SNOMED CT,,value,2.16.840.1.113883.6.96,55607006,Problem,,,,,,,,,
ccda-xml,SNOMED-CT,,value,2.16.840.1.113883.6.96,59621000,Essential hypertension,,,,,,,,,
ccda-xml,,,code,2.16.840.1.113883.6.96,282291009,Diagnosis,,,,,,,,,
ccda-xml,SNOMED CT,,value,2.16.840.1.113883.6.96,419199007,Allergy to substance (disorder),,,,,,,,,
ccda-xml,SNOMED-CT,,value,2.16.840.1.113883.6.96,371924009,Moderate to severe,,,,,,,,,
ccda-xml,SNOMED CT,,translation,2.16.840.1.113883.6.96,71181003,vaccine,,,,,,,,,
ccda-xml,SNOMED CT,,translation,2.16.840.1.113883.6.96,410942007,drug or medication,,,,,,,,,
ccda-xml,SNOMED-CT,,value,2.16.840.1.113883.6.96,255604002,Mild,,,,,,,,,
ccda-xml,SNOMED-CT,,value,2.16.840.1.113883.6.96,416098002,Drug allergy (disorder),,,,,,,,,
ccda-xml,SNOMED-CT,,code,2.16.840.1.113883.6.96,404684003,Clinical finding,,,,,,,,,
ccda-xml,SNOMED-CT,,value,2.16.840.1.113883.6.96,414285001,Food allergy (disorder),,,,,,,,,
ccda-xml,SNOMED-CT,,code,2.16.840.1.113883.6.96,46680005,Vital signs,,,,,,,,,
ccda-xml,SNOMED-CT,,code,2.16.840.1.113883.6.96,16254007,Lipid Panel,,,,,,,,,
ccda-xml,SNOMED CT,,code,2.16.840.1.113883.6.96,64572001,Disease,,,,,,,,,
ccda-xml,SNOMED CT,,code,2.16.840.1.113883.6.96,59058001,General physician,,,,,,,,,
ccda-xml,SNOMED CT,,code,2.16.840.1.113883.6.96,166312007,Blood chemistry test,,,,,,,,,
ccda-xml,SNOMED-CT,,translation,2.16.840.1.113883.6.96,28036006,High density lipoprotein cholesterol measurement,,,,,,,,,
ccda-xml,SNOMED CT,,code,2.16.840.1.113883.6.96,311401005,patient education,,,,,,,,,
ccda-xml,SNOMED CT,,code,2.16.840.1.113883.6.96,289169006,weight loss,,,,,,,,,
ccda-xml,SNOMED CT,,value,2.16.840.1.113883.6.96,404640003,Dizziness,,,,,,,,,
ccda-xml,SNOMED CT,,value,2.16.840.1.113883.6.96,419199007,allergy to substance,,,,,,,,,
ccda-xml,SNOMED CT,,value,2.16.840.1.113883.6.96,417516000,Anaphylaxis due to substance,,,,,,,,,
ccda-xml,SNOMED CT,,code,2.16.840.1.113883.6.96,46680005,Vital signs,,,,,,,,,
ccda-xml,SNOMED CT,,code,2.16.840.1.113883.6.96,55607006,Problem,,,,,,,,,
ccda-xml,SNOMED CT,,value,2.16.840.1.113883.6.96,5962100,Essential Hypertension,,,,,,,,,
ccda-xml,SNOMED CT,,value,2.16.840.1.113883.6.96,5582204,Hyperlipidemia,,,,,,,,,
ccda-xml,SNOMED CT,,code,2.16.840.1.113883.6.96,406162001,asthma management,,,,,,,,,
ccda-xml,SNOMED CT,,value,2.16.840.1.113883.6.96,44054006,Diabetes Mellitus Type II ,,,,,,,,,
ccda-xml,SNOMED CT,,value,2.16.840.1.113883.6.96,40930008,Hypothyroidism,,,,,,,,,
ccda-xml,SNOMED CT,,value,2.16.840.1.113883.6.96,8957000,Coronary Artery Disease,,,,,,,,,
ccda-xml,SNOMED CT,,value,2.16.840.1.113883.6.96,266569009,Benign prostatic hyperplasia,,,,,,,,,
ccda-xml,SNOMED CT,,value,2.16.840.1.113883.6.96,49436004,Atrial fibrillation,,,,,,,,,
ccda-xml,SNOMED CT,,value,2.16.840.1.113883.6.96,230572002,Diabetic neuropathy,,,,,,,,,
ccda-xml,SNOMED CT,,value,2.16.840.1.113883.6.96,238134004,Generalized obesity,,,,,,,,,
ccda-xml,SNOMED CT,,value,2.16.840.1.113883.6.96,193462001,Insomnia,,,,,,,,,
ccda-xml,SNOMED CT,,code,2.16.840.1.113883.6.96,373930000,Cognitive function finding,,,,,,,,,
ccda-xml,SNOMED CT,,code,2.16.840.1.113883.6.96,248536006,Functional limitation,,,,,,,,,
ccda-xml,SNOMED CT,,value,2.16.840.1.113883.6.96,433144002,Chronic Kidney Disease Stage III,,,,,,,,,
ccda-xml,SNOMED-CT,,translation,2.16.840.1.113883.6.96,174184006,Diagnostic endoscopic examination on colon,,,,,,,,,
ccda-xml,SNOMED CT,,code,2.16.840.1.113883.6.96,11429006,consultation,,,,,,,,,
ccda-xml,SNOMED CT,,value,2.16.840.1.113883.6.96,66557003,No Impairment,,,,,,,,,
ccda-xml,SNOMED-CT,,translation,2.16.840.1.113883.6.96,113079009,Low density lipoprotein cholesterol measurement,,,,,,,,,
ccda-xml,SNOMED-CT,,translation,2.16.840.1.113883.6.96,121868005,Total cholesterol measurement,,,,,,,,,
ccda-xml,SNOMED-CT,,translation,2.16.840.1.113883.6.96,14740000,Triglycerides measurement,,,,,,,,,
ccda-xml,SNOMED-CT,,value,2.16.840.1.113883.6.96,266919005,Never smoker (Never Smoked),,,,,,,,,
ccda-xml,SNOMED-CT,,translation,2.16.840.1.113883.6.96,449868002,Current every day smoker,,,,,,,,,
ccda-xml,SCT,,code,2.16.840.1.113883.6.96,55607006,Problem,,,,,,,,,
ccda-xml,,,value,2.16.840.1.113883.6.96,55561003,Active,,,,,,,,,
ccda-xml,,,value,2.16.840.1.113883.6.96,64109004,Costal Chondritis,,,,,,,,,
ccda-xml,SNOMED CT,,code,2.16.840.1.113883.6.96,967006,Medication Education,,,,,,,,,
ccda-xml,SNOMED CT,,code,2.16.840.1.113883.6.96,282291009,Diagnosis,,,,,,,,,
ccda-xml,SNOMED CT,,code,2.16.840.1.113883.6.96,64572001,Condition,,,,,,,,,
ccda-xml,SNOMED CT,,value,2.16.840.1.113883.6.96,266919005,Never Smoker,,,,,,,,,
ccda-xml,SNOMED CT,,value,2.16.840.1.113883.6.96,371923003,Mild to moderate,,,,,,,,,
ccda-xml,SNOMED CT,,value,2.16.840.1.113883.6.96,422587007,nausea,,,,,,,,,
ccda-xml,SNOMED CT,,value,2.16.840.1.113883.6.96,24484000,severe,,,,,,,,,
ccda-xml,SNOMED CT,,value,2.16.840.1.113883.6.96,247472004,hives,,,,,,,,,
ccda-xml,SNOMED CT,,value,2.16.840.1.113883.6.96,416098002,drug allergy,,,,,,,,,
ccda-xml,,,value,2.16.840.1.113883.6.96,56018004,wheezing,,,,,,,,,
ccda-xml,SNOMED CT,,value,2.16.840.1.113883.6.96,195967001,Asthma,,,,,,,,,
ccda-xml,SNOMED CT,,value,2.16.840.1.113883.6.96,64109004,Costal Chondritis,,,,,,,,,
ccda-xml,SNOMED CT,,code,2.16.840.1.113883.6.96,49038010,EKG,,,,,,,,,
ccda-xml,SCT,,value,2.16.840.1.113883.6.96,55561003,Active,,,,,,,,,
ccda-xml,SCT,,value,2.16.840.1.113883.6.96,416098002,Drug Allergy,,,,,,,,,
ccda-xml,,,code,2.16.840.1.113883.6.96,171044003,immunization education,,,,,,,,,
ccda-xml,SNOMED CT,,code,2.16.840.1.113883.6.96,282291009,Diagnosis Interpretation,,,,,,,,,
ccda-xml,SNOMED CT,,code,2.16.840.1.113883.6.96,57259009,gallbladder bile,,,,,,,,,
ccda-xml,SNOMED CT,,code,2.16.840.1.113883.6.96,103716009,Stent Placement,,,,,,,,,
ccda-xml,SNOMED CT,,code,2.16.840.1.113883.6.96,87405001,cane,,,,,,,,,
ccda-xml,SNOMED CT,,code,2.16.840.1.113883.6.96,303406003,upper gastrointestinal prosthesis (physical object),,,,,,,,,
ccda-xml,SNOMED CT,,code,2.16.840.1.113883.6.96,14106009,"cardiac pacemaker, device (physical object)",,,,,,,,,
ccda-xml,SNOMED CT,,code,2.16.840.1.113883.6.96,40388003,Implant,,,,,,,,,
ccda-xml,SNOMED CT,,code,2.16.840.1.113883.6.96,102263004,Eggs (edible),,,,,,,,,
ccda-xml,SNOMED CT,,code,2.16.840.1.113883.6.96,416118004,administration,,,,,,,,,
ccda-xml,SNOMED CT,,code,2.16.840.1.113883.6.96,171044003,immunization education,,,,,,,,,
ccda-xml,SNOMED CT,,code,2.16.840.1.113883.6.96,87405001,"cane, device (physical object)",,,,,,,,,
ccda-xml,SNOMED CT,,code,2.16.840.1.113883.6.96,445518008,Age At Onset,,,,,,,,,
ccda-xml,SNOMED-CT,,code,2.16.840.1.113883.6.96,64572001,Condition,,,,,,,,,
ccda-xml,SNOMED-CT,,code,2.16.840.1.113883.6.96,404684003,Finding,,,,,,,,,
ccda-xml,SNOMED CT,,code,2.16.840.1.113883.6.96,59058001,General Physician,,,,,,,,,
ccda-xml,SNOMEDCT,,code,2.16.840.1.113883.6.96,239311006,,,,,,,,,,
ccda-xml,SNOMED-CT,,code,2.16.840.1.113883.6.96,304251008,Resuscitation,,,,,,,,,
ccda-xml,SNOMED CT,,value,2.16.840.1.113883.6.96,396275006,Osteoarthritis,,,,,,,,,
ccda-xml,SNOMEDCT,,value,2.16.840.1.113883.6.96,20430005,Heterosexual (finding),,,,,,,,,
ccda-xml,,,value,2.16.840.1.113883.6.96,266919005,Never smoked tobacco,,,,,,,,,
ccda-xml,SNOMED CT,,value,2.16.840.1.113883.6.96,414285001,Food allergy (disorder),,,,,,,,,
ccda-xml,SNOMED CT,,value,2.16.840.1.113883.6.96,247472004,Hives,,,,,,,,,
ccda-xml,SNOMED CT,,value,2.16.840.1.113883.6.96,6736007,moderate,,,,,,,,,
ccda-xml,SNOMED-CT,,code,2.16.840.1.113883.6.96,233604007,Pnuemonia,,,,,,,,,
ccda-xml,SNOMED CT,,code,2.16.840.1.113883.6.96,404684003,Finding,,,,,,,,,
ccda-xml,,,code,2.16.840.1.113883.6.96,409586006,Complaint,,,,,,,,,
ccda-xml,SCT,,value,2.16.840.1.113883.6.96,419199007,MA,,,,,,,,,
ccda-xml,,,code,2.16.840.1.113883.6.96,412307009,drug vehicle,,,,,,,,,
ccda-xml,,,code,2.16.840.1.113883.6.96,409073007,instruction,,,,,,,,,
ccda-xml,SNOMED CT,,code,2.16.840.1.113883.6.96,412307009,drug vehicle,,,,,,,,,
ccda-xml,SNOMED-CT,,code,2.16.840.1.113883.6.96,168731009,Chest X-Ray,,,,,,,,,
ccda-xml,SNOMED CT,,code,2.16.840.1.113883.6.96,95971004,"Urea nitrogen, Serum",,,,,,,,,
ccda-xml,,,value,2.16.840.1.113883.6.96,8517006,Former smoker,,,,,,,,,
ccda-xml,SNOMED CT,,code,2.16.840.1.113883.6.96,274025005,Colonic polypectomy,,,,,,,,,
ccda-xml,,,value,2.16.840.1.113883.6.96,304253006,Do not resuscitate,,,,,,,,,
ccda-xml,SNOMED CT,,value,2.16.840.1.113883.6.96,419199007,Allergy to substance,,,,,,,,,
ccda-xml,SNOMED CT,,value,2.16.840.1.113883.6.96,371924009,Moderate to severe,,,,,,,,,
ccda-xml,,,value,2.16.840.1.113883.6.96,422587007,Nausea,,,,,,,,,
ccda-xml,SNOMED CT,,value,2.16.840.1.113883.6.96,255604002,Mild,,,,,,,,,
ccda-xml,SNOMED CT,,value,2.16.840.1.113883.6.96,56018004,Wheezing,,,,,,,,,
ccda-xml,SNOMED CT,,value,2.16.840.1.113883.6.96,6736007,Moderate,,,,,,,,,
ccda-xml,,,value,2.16.840.1.113883.6.96,233604007,Pneumonia,,,,,,,,,
ccda-xml,SNOMED CT,,code,2.16.840.1.113883.6.96,90412006,Colonoscope,,,,,,,,,
ccda-xml,,,value,2.16.840.1.113883.6.96,22298006,Myocardial infarction,,,,,,,,,
ccda-xml,,,value,2.16.840.1.113883.6.96,419099009,Dead,,,,,,,,,
ccda-xml,,,value,2.16.840.1.113883.6.96,44054006,Diabetes mellitus type 2,,,,,,,,,
ccda-xml,SNOMED CT,,value,2.16.840.1.113883.6.96,165245003, Independent walking,,,,,,,,,
ccda-xml,SNOMED CT,,value,2.16.840.1.113883.6.96,371153006,Independent,,,,,,,,,
ccda-xml,SNOMED CT,,code,2.16.840.1.113883.6.96,309226005,colonic polyp sample,,,,,,,,,
ccda-xml,SNOMED CT,,targetSiteCode,2.16.840.1.113883.6.96,28273000,bile duct,,,,,,,,,
ccda-xml,SNOMED CT,,code,2.16.840.1.113883.6.96,225773000,preference,,,,,,,,,
ccda-xml,,,value,2.16.840.1.113883.6.96,195967001,Asthma,,,,,,,,,
ccda-xml,,,value,2.16.840.1.113883.6.96,56018004,Wheezing,,,,,,,,,
ccda-xml,SNOMED CT,,code,2.16.840.1.113883.6.96,225773000,,,,,,,,,,
ccda-xml,,,value,2.16.840.1.113883.6.96,38341003,Hypertension,,,,,,,,,
ccda-xml,SNOMED CT,,priorityCode,2.16.840.1.113883.6.96,255216001,First,,,,,,,,,
ccda-xml,,,value,2.16.840.1.113883.6.96,394848005,Normal priority,,,,,,,,,
ccda-xml,,,value,2.16.840.1.113883.6.96,29857009,Chest pain,,,,,,,,,
ccda-xml,,,value,2.16.840.1.113883.6.96,194828000,Angina,,,,,,,,,
ccda-xml,SNOMED CT,,code,2.16.840.1.113883.6.96,73761001,Colonoscopy,,,,,,,,,
ccda-xml,SNOMED CT,,targetSiteCode,2.16.840.1.113883.6.96,416949008,Abdomen and pelvis,,,,,,,,,
ccda-xml,SNOMED CT,,code,2.16.840.1.113883.6.96,409073007,instruction,,,,,,,,,
ccda-xml,,,value,2.16.840.1.113883.6.96,160604004,"Moderate cigarette smoker, 10-19/day",,,,,,,,,
ccda-xml,,,code,2.16.840.1.113883.6.96,445518008,Age At Onset,,,,,,,,,
ccda-xml,SNOMED CT,,value,2.16.840.1.113883.6.96,8517006,former smoker,,,,,,,,,
ccda-xml,,,value,2.16.840.1.113883.6.96,73425007,Inactive,,,,,,,,,
ccda-xml,,,value,2.16.840.1.113883.6.96,32398004,Bronchitis,,,,,,,,,
ccda-xml,SNOMED CT,,value,2.16.840.1.113883.6.96,162467007,Symptom Free,,,,,,,,,
ccda-xml,,,value,2.16.840.1.113883.6.96,267036007,Shortness of Breath,,,,,,,,,
ccda-xml,SNOMED CT,,code,2.16.840.1.113883.6.96,43789009,CBC WO DIFFERENTIAL,,,,,,,,,
ccda-xml,SNOMED CT,,value,2.16.840.1.113883.6.96,413322009,Resolved,,,,,,,,,
ccda-xml,SCT,,value,2.16.840.1.113883.6.96,73425007,Inactive,,,,,,,,,
ccda-xml,SNOMED CT,,value,2.16.840.1.113883.6.96,55561003,Active,,,,,,,,,
ccda-xml,SNOMED CT,,targetSiteCode,2.16.840.1.113883.6.96,82094008,Lower Respiratory Tract Structure,,,,,,,,,
ccda-xml,,,value,2.16.840.1.113883.6.96,247472004,Hives,,,,,,,,,
ccda-xml,,,value,2.16.840.1.113883.6.96,105504002,Dependence on Cane,,,,,,,,,
ccda-xml,SNOMED -CT,,code,2.16.840.1.113883.6.96,46680005,Vital signs,,,,,,,,,
ccda-xml,SNOMED CT,,value,2.16.840.1.113883.6.96,419511003,Propensity to adverse reaction to drug,,,,,,,,,
ccda-xml,,,code,2.16.840.1.113883.6.96,373930000,Cognitive Function Finding,,,,,,,,,
ccda-xml,,,code,2.16.840.1.113883.6.96,230056004,Cigarette smoking,,,,,,,,,
ccda-xml,,,value,2.16.840.1.113883.6.96,449868002,Current Everyday Smoker,,,,,,,,,
ccda-xml,,,value,2.16.840.1.113883.6.96,48167000,Amnesia,,,,,,,,,
ccda-xml,,,value,2.16.840.1.113883.6.96,386807006,Memory Impairment,,,,,,,,,
ccda-xml,SCT,,value,2.16.840.1.113883.6.96,416098002,Drug allergy,,,,,,,,,
ccda-xml,CDCREC,,translation,CDCREC,2106-3,White,,,,,,,,,
ccda-xml,CHPI-RACE,,translation,CHPI-RACE,UNKOW,UNKOW,,,,,,,,,
ccda-xml,CPT4,,code,CPT4,82139,Measurement of amino acids,,,,,,,,,
ccda-xml,CPT4,,code,CPT4,88291,"Cytogenetics and molecular cytogenetics, interpretation and report",,,,,,,,,
ccda-xml,CPT4,,code,CPT4,81002,URNLS DIP STICK/TABLET RGNT NON-AUTO W/O MICRSCP,,,,,,,,,
ccda-xml,CPT4,,code,CPT4,80053,Measurement of albumin,,,,,,,,,
ccda-xml,CPT4,,code,CPT4,85025,"Blood count; complete (CBC), automated (Hgb, Hct, RBC, WBC and platelet count) and automated differential WBC count",,,,,,,,,
ccda-xml,CPT4,,code,CPT4,36415,Collection of venous blood by venipuncture,,,,,,,,,
ccda-xml,CPT4,,code,CPT4,97014,Application of a modality to 1 or more areas; electrical stimulation (unattended),,,,,,,,,
ccda-xml,CPT4,,code,CPT4,98941,"Chiropractic manipulative treatment (CMT); spinal, 3-4 regions",,,,,,,,,
ccda-xml,CPT4,,code,CPT4,45385,Removal of polyps or growths of large bowel using an endoscope,,,,,,,,,
ccda-xml,CPT4,,code,CPT4,88305,"Level IV - Surgical pathology, gross and microscopic examination Abortion - spontaneous/missed Artery, biopsy Bone marrow, biopsy Bone exostosis Brain/meninges, other than for tumor resection Breast, biopsy, not requirin",,,,,,,,,
ccda-xml,CPT4,,code,CPT4,96366,Intravenous infusion,,,,,,,,,
ccda-xml,CPT4,,code,CPT4,81206,"BCR/ABL1 (t(9;22)) (eg, chronic myelogenous leukemia) translocation analysis; major breakpoint, qualitative or quantitative",,,,,,,,,
ccda-xml,CPT4,,code,CPT4,81000,"Urinalysis, by dip stick or tablet reagent for bilirubin, glucose, hemoglobin, ketones, leukocytes, nitrite, pH, protein, specific gravity, urobilinogen, any number of these constituents; non-automated, with microscopy",,,,,,,,,
ccda-xml,CPT4,,code,CPT4,82525,Copper,,,,,,,,,
ccda-xml,CPT4,,code,CPT4,82175,Arsenic,,,,,,,,,
ccda-xml,CPT4,,code,CPT4,96365,Intravenous infusion,,,,,,,,,
ccda-xml,CPT4,,code,CPT4,J1950,"Injection, leuprolide acetate (for depot suspension), per 3.75 mg",,,,,,,,,
ccda-xml,CPT4,,code,CPT4,58571,"Laparoscopy, surgical, with total hysterectomy, for uterus 250 g or less; with removal of tube(s) and/or ovary(s)",,,,,,,,,
ccda-xml,CPT4,,code,CPT4,888ZZ,Slot Holder for EM COde,,,,,,,,,
ccda-xml,CPT4,,code,CPT4,80048,Measurement of urea nitrogen (BUN),,,,,,,,,
ccda-xml,CPT4,,code,CPT4,G9226,FOOT EXAMINATION PERFORMED,,,,,,,,,
ccda-xml,CPT4,,code,CPT4,96549,Unlisted chemotherapy procedure,,,,,,,,,
ccda-xml,CPT4,,code,CPT4,ZZVV1,Virtual Visit,,,,,,,,,
ccda-xml,CPT4,,code,CPT4,58100,"Endometrial sampling (biopsy) with or without endocervical sampling (biopsy), without cervical dilation, any method (separate procedure)",,,,,,,,,
ccda-xml,CPT4,,code,CPT4,83825,"Mercury, quantitative",,,,,,,,,
ccda-xml,CPT4,,code,CPT4,82978,Glutathione,,,,,,,,,
ccda-xml,CPT4,,code,CPT4,83735,Magnesium,,,,,,,,,
ccda-xml,CPT4,,code,CPT4,96372,"Therapeutic, prophylactic, or diagnostic injection (specify substance or drug); subcutaneous or intramuscular",,,,,,,,,
ccda-xml,CPT4,,code,CPT4,88271,"Molecular cytogenetics; DNA probe, each (eg, FISH)",,,,,,,,,
ccda-xml,CPT4,,code,CPT4,J1050,Depo Provera,,,,,,,,,
ccda-xml,CPT4,,code,CPT4,81025,"Urine pregnancy test, by visual color comparison methods",,,,,,,,,
ccda-xml,CPT4,,code,CPT4,83921,Measurement of organic acid,,,,,,,,,
ccda-xml,CPT4,,code,CPT4,84153,Prostate specific antigen (PSA); total,,,,,,,,,
ccda-xml,HL70005,,translation,HL70005,2106-3,White,,,,,,,,,
ccda-xml,HL70063,,translation,HL70063,OTH,FAMILY MEMBER,,,,,,,,,
ccda-xml,HL70063,,translation,HL70063,EMC,EMERGENCY CONTACT,,,,,,,,,
ccda-xml,ICD10CM,,value,ICD10CM,S66.812A,"Strain of other specified muscles, fascia and tendons at wrist and hand level, left hand (initial encounter)",,,,,,,,,
ccda-xml,ICD10CM,,value,ICD10CM,J06.9,"Acute upper respiratory infection, unspecified",,,,,,,,,
ccda-xml,ICD10CM,,value,ICD10CM,M79.645,Pain in left finger(s),,,,,,,,,
ccda-xml,ICD10CM,,value,ICD10CM,Z88.8,"Allergy status to other drugs, medicaments and biological substances status",,,,,,,,,
ccda-xml,ICD10CM,,value,ICD10CM,Y08.89XA,Assault by other specified means (initial encounter),,,,,,,,,
ccda-xml,ICD10CM,,value,ICD10CM,S60.222A,Contusion of left hand (initial encounter),,,,,,,,,
ccda-xml,ICD10CM,,value,ICD10CM,MP01,CXT BYPASS FOR I/E PEND (for internal use only),,,,,,,,,
ccda-xml,ICD10CM,,value,ICD10CM,E66.9,"Obesity, unspecified",,,,,,,,,
ccda-xml,ICD10CM,,value,ICD10CM,E11.65,Type 2 diabetes mellitus with hyperglycemia,,,,,,,,,
ccda-xml,ICD10CM,,value,ICD10CM,M72.2,Plantar fascial fibromatosis,,,,,,,,,
ccda-xml,ICD10CM,,value,ICD10CM,Z11.1,Encounter for screening for respiratory tuberculosis,,,,,,,,,
ccda-xml,ICD10CM,,value,ICD10CM,FH009,Patient Education,,,,,,,,,
ccda-xml,ICD10CM,,value,ICD10CM,S02.5xxA,"Fracture of tooth (traumatic), init for clos fx",,,,,,,,,
ccda-xml,ICD10CM,,value,ICD10CM,K12.2,Cellulitis and abscess of mouth,,,,,,,,,
ccda-xml,ICD10CM,,value,ICD10CM,G60.9,"Hereditary and idiopathic neuropathy, unspecified",,,,,,,,,
ccda-xml,ICD9CM,,value,ICD9CM,V25.02,Encounter for general counseling on initiation of other contraceptive measures,,,,,,,,,
ccda-xml,ICD9CM,,value,ICD9CM,V74.5,Screening examination for venereal disease,,,,,,,,,
ccda-xml,ICD9CM,,value,ICD9CM,V74.1,Screening examination for pulmonary tuberculosis,,,,,,,,,
ccda-xml,ICD9CM,,value,ICD9CM,FH007,FHCN Screening,,,,,,,,,
ccda-xml,ICD9CM,,value,ICD9CM,V25.8,Encounter for other specified contraceptive management,,,,,,,,,
ccda-xml,ICD9CM,,value,ICD9CM,218.9,"Leiomyoma of uterus, unspecified",,,,,,,,,
ccda-xml,ICD9CM,,value,ICD9CM,112.2,Candidiasis of other urogenital sites,,,,,,,,,
ccda-xml,ICD9CM,,value,ICD9CM,112.1,Candidiasis of vulva and vagina,,,,,,,,,
ccda-xml,ICD9CM,,value,ICD9CM,V72.31,ROUTINE GYNECOLOGICAL EXAMINATION,,,,,,,,,
ccda-xml,ICD9CM,,value,ICD9CM,599.0,"URINARY TRACT INFECTION, SITE NOT SPECIFIED",,,,,,,,,
ccda-xml,ICD9CM,,value,ICD9CM,V72.31,Routine gynecological examination,,,,,,,,,
ccda-xml,MX-CODESET-ALLERGYTYPE,,translation,MX-CODESET-ALLERGYTYPE,DA,Drug Allergy,,,,,,,,,
ccda-xml,MX-CODESET-ALLERGYTYPE,,translation,MX-CODESET-ALLERGYTYPE,DA,Drug allergy,,,,,,,,,
ccda-xml,MX-CODESET-CONTACTRELATIONSHIP,,translation,MX-CODESET-CONTACTRELATIONSHIP,FTH,03 FATHER,,,,,,,,,
ccda-xml,MX-CODESET-CONTACTRELATIONSHIP,,translation,MX-CODESET-CONTACTRELATIONSHIP,MTH,Mother,,,,,,,,,
ccda-xml,MX-CODESET-CONTACTRELATIONSHIP,,translation,MX-CODESET-CONTACTRELATIONSHIP,OTH,DAUGHTER IN LAW,,,,,,,,,
ccda-xml,MX-CODESET-ETHNICGROUP,,translation,MX-CODESET-ETHNICGROUP,U,Unknown,,,,,,,,,
ccda-xml,MX-CODESET-ETHNICGROUP,,translation,MX-CODESET-ETHNICGROUP,H,Hispanic or Latino,,,,,,,,,
ccda-xml,MX-CODESET-MARITALSTATUS,,translation,MX-CODESET-MARITALSTATUS,S,SINGLE,,,,,,,,,
ccda-xml,MX-CODESET-RACE,,translation,MX-CODESET-RACE,2131-1,Other Race,,,,,,,,,
ccda-xml,MX-CODESET-RACE,,translation,MX-CODESET-RACE,2054-5,Black or African American,,,,,,,,,
ccda-xml,MX-CODESET-RACE,,translation,MX-CODESET-RACE,2106-3,White,,,,,,,,,
ccda-xml,MX-CODESET-RELIGION,,translation,MX-CODESET-RELIGION,VAR,Unknown,,,,,,,,,
ccda-xml,ORION,,code,ORION,NO_KNOWN_DRUG_A,NKDA,,,,,,,,,
ccda-xml,ORION,,code,ORION,268,Opioids-Morphine & Related,,,,,,,,,
ccda-xml,ORION,,code,ORION,4180,tramadol,,,,,,,,,
ccda-xml,ORION,,translation,ORION,MA,MA,,,,,,,,,
ccda-xml,ORION,,value,ORION,Unknown,Unknown,,,,,,,,,
ccda-xml,,,code,,,,,,,,,,,,
